Epoch,TrainLoss,ValLoss
0,2.6365817222595216,2.373379420489073
1,1.9732093048095702,2.187367372214794
2,1.7348691568374635,2.10922110080719
3,1.5014764184951783,2.095019608736038
4,1.4035916147232055,2.09757125005126
5,1.2617125544548036,2.06421060860157
