Epoch,TrainLoss,ValLoss
0,5.607924699783325,5.332865768863309
