Epoch,TrainLoss,ValLoss
0,0.008615135957323649,0.011624877721995877
