Epoch,TrainLoss,ValLoss
0,2.4381567239761353,2.4521735483600247
1,2.4382532181278354,2.451913356781006
2,2.438214115558132,2.451863181206488
3,2.438107525148699,2.451875271335725
4,2.4380776459170925,2.451847222543532
5,2.438409609179343,2.4518492837106027
6,2.4386419980756697,2.4518346478862147
