Epoch,TrainLoss,ValLoss
0,3.4124420127868653,2.9333163276314735
