Epoch,TrainLoss,ValLoss
0,2.438198774091659,2.4518332635202715
1,2.4384697348840776,2.4518332635202715
