Epoch,TrainLoss,ValLoss
0,3.904505304336548,3.3473444059491158
1,3.1036663646697997,3.030165858566761
2,2.8874917736053467,2.8653238862752914
3,2.7190915870666506,2.6334672793745995
4,2.6033140258789063,2.571866288781166
