Epoch,TrainLoss,ValLoss
0,3.427088716506958,2.9892995730042458
1,2.750997381210327,2.6540454775094986
2,2.5590972003936767,2.4850464537739754
3,2.384661190986633,2.306972336024046
4,2.2940245141983033,2.2394782416522503
5,2.221740406036377,2.2604088373482227
