Epoch,TrainLoss,ValLoss
0,2.4383285872397886,2.4518273415104037
1,2.4380330174199996,2.4518300333330707
2,2.4384086555050266,2.451831102371216
