Epoch,TrainLoss,ValLoss
0,2.4382519414347987,2.451834178739978
1,2.4381566816760647,2.4518335327025382
2,2.43847301121681,2.4518333019748813
3,2.4381211976851187,2.45183325582935
4,2.438661056180154,2.45183325582935
5,2.4380908762255022,2.45183325582935
6,2.438195178585668,2.45183325582935
