Epoch,TrainLoss,ValLoss
0,5.624501170650605,5.333281863120295
