Epoch,TrainLoss,ValLoss
0,5.608090234379614,5.333262620433684
1,5.610977999625668,5.333251583960749
2,5.61676468964546,5.333241401180144
3,5.615621148578582,5.333239547667965
4,5.613683012224013,5.333240086032498
5,5.620624526854484,5.333241508853051
6,5.610829897465244,5.333239170812791
7,5.6134100642896465,5.333239532286121
8,5.6184371882869355,5.333239209267401
9,5.613799920966549,5.333239016994353
10,5.618661196001114,5.333239178503713
11,5.6175235413735916,5.333239093903573
