Epoch,TrainLoss,ValLoss
0,3.543968603134155,2.715780921280384
1,2.9556050415039063,2.417200028896332
2,2.6594430103302003,2.3805622532963753
3,2.510367244720459,2.355654299259186
4,2.363331929206848,2.2813159115612507
5,2.2551245737075805,2.234912548214197
