Epoch,TrainLoss,ValLoss
0,3.5433737258911133,2.9942778423428535
1,2.6915179290771483,2.433727953583002
2,2.130256348609924,2.0138676464557648
3,1.6074584341049194,1.3205224964767694
4,1.280034483909607,1.3215257059782743
